tool,dir,lines,scope,group,task,measures,newest_report_any,newest_report_substantive,imported_by_scripts,imported_by_tests,default_path_funcs_used,default_path_func_lines,class,reason
action_coverage,tests/scripts,232,theory,CPU-DIAG,§9,候補生成の被覆,,,,test_action_coverage,0 (not loaded),0,RETIRE,報告なし
attack_axis_by_result,tests/scripts,86,theory,CLOSED,C-1,攻撃の値段の残差を結果別・軸別,2026-10-05,2026-09-25_c5c_theta_return.md,,test_attack_axis_by_result,0 (not loaded),0,RETIRE,C-1（09-25）で閉じた。誰も import しない
attack_budget,tests/scripts,377,theory,CPU-DIAG,2026-09-14,攻め側の予算,2026-09-14,2026-09-14_don_accounting.md,,test_attack_budget,0 (not loaded),0,RETIRE,09-14
attack_resid_defender_split,tests/scripts,131,theory,CLOSED,P8-7(c),攻撃の行の残差を守り手側で割る,2026-09-25,2026-09-25_p8_7c_attack_resid_split.md,,test_attack_resid_defender_split,0 (not loaded),0,RETIRE,09-25 で閉じた
attack_response,tests/scripts,260,theory,DEP-PART,T48 攻撃 1 回を応答で割る,parts/parts_mirror（既定経路）＋ T48 の測定 CLI,2026-10-05,2026-09-25_d5_decision_rows.md,crossing_bridge price_realised theory_bridge transition_ledger two_curves,test_attack_response test_theory_bridge,2/8,36,KEEP-PORT,2/8 関数だけ使用。残り（collect/summarise/main ~130 行）は閉じた測定
attack_theta_parts,tests/scripts,122,theory,CLOSED,C-5,攻撃の遷移で Θ_me が動く理由,2026-09-25,2026-09-25_c5c_theta_return.md,,test_attack_theta_parts,0 (not loaded),0,RETIRE,C-5c（09-25）で既定化済み・器は閉じた
az_loop,tests/harness,109,out,学習(AZ),,AZ 自己対戦→学習→世代反復ループ＋クロス評価（GATE A〜パイロット共通部品）。,,,gate_a_tictactoe,test_az_components,0 (not loaded),0,OUT-OF-SCOPE,理論の器ではない
az_mcts,tests/harness,97,out,学習(AZ),,NN誘導 PUCT MCTS（GATE A〜パイロット共通部品・docs/.../cpu_rl_pilot_plan_20260629.md §3.1）。,,,az_loop,test_az_components,0 (not loaded),0,OUT-OF-SCOPE,理論の器ではない
az_net,tests/harness,106,out,学習(AZ),,AZ Dual-Net（value＋policy 2ヘッド・numpy・GATE A〜パイロット共通部品）。,,,az_loop,test_az_components,0 (not loaded),0,OUT-OF-SCOPE,理論の器ではない
band_screen,tests/scripts,211,theory,CLOSED,2026-09-14 ν の交絡スクリーニング,帯に入れる変数を洗う,2026-09-14,2026-09-14_band_screen.md,,test_band_screen,0 (not loaded),0,RETIRE,09-14 の一回限り
budget_audit,tests/scripts,491,theory,CLOSED,2026-09-13 ライフ予算の監査,攻撃 1 回ごとの領域・順序の誤り,2026-09-13,2026-09-13_deck_profile.md,,test_budget_audit test_deck_profile,0 (not loaded),0,RETIRE,09-13。guard_afford/plan_value_map/race_state を import（guard_afford を縮めると壊れる）
clock_calib,tests/scripts,286,theory,DEP-PART,T51 時計の較正,D_BINS/d_bin（crossing_bridge の要約の帯）,2026-09-17,2026-09-17_hand_two_values_spread.md,crossing_bridge,test_clock_calib,0/10,0,KEEP-PORT,定数だけ使用（関数は既定経路で 0 回）。器としての T51 は閉じた
compare_parsers,tests/scripts,95,out,カード監査/パーサ,,レガシー parser.py と新 EffectParserV2 の出力差分を全カードで比較する。,,,,,0 (not loaded),0,OUT-OF-SCOPE,理論の器ではない
condition_value,tests/scripts,611,theory,DEP,P2 能力の条件,条件の成否・係数,2026-09-25,2026-09-25_f1_attack_ability_inventory.md,effect_value theory_bridge,test_attack_passive_wiring test_condition_value test_search_price,17/22,349,KEEP-PORT,effect_value から（17/22 関数）
crossing_bridge,tests/scripts,3787,theory,CORE,T52 交点の橋（+H-4/N-3 の rule_don 外側）,損害の累積 F と耐久 Θ の交点で勝者・決着ターンを読む,2026-10-05,2026-10-05_table_rebuild_rust.md,cut_price don_ledger kappa_vector lethal_rule live_theory pre_settle_asymmetry pre_settle_decomp rate_tracking rd_kernel_golden relative_ledger rule_don_ref seat_pair_symmetry theory_bridge theta_at_settle transition_ledger two_curves two_curves_state win_calib,test_attack_theta_parts test_crossing_bridge test_cut_price test_don_walk test_kappa_vector test_rd_kernel test_rd_kernel_plans test_rd_speed test_relative_ledger test_settle_cond_floor test_theory_bridge test_theta_return test_two_curves test_win_calib,86/97,2735,KEEP-PORT,ユーザ指定の現行計測セット。表 harm_profile の作り直しの出所
cut_price,tests/scripts,668,theory,DEP,N-3 切らせた札の値段,CutView/curve_of_row/reserve_of_row 等,2026-10-05,,crossing_bridge kappa_vector plan_store rd_kernel_golden relative_ledger theory_bridge transition_ledger,test_crossing_bridge test_cut_price test_rd_kernel test_rd_kernel_plans test_rd_speed test_relative_ledger test_speed_memo,21/24,495,KEEP-PORT,21/24 関数
deck_profile,tests/scripts,234,theory,CPU-DIAG,2026-09-13/16,デッキの τ・c̄(x),2026-09-16,2026-09-16_counter_step.md,,test_deck_profile,0 (not loaded),0,RETIRE,09-16
deck_refill,tests/scripts,363,theory,DEP,T91/T93 流入,デッキの中身から流入・除去の害・合成デッキの再生成,2026-10-05,2026-10-04_n4_search_joint.md,crossing_bridge kappa_vector lethal_rule search_price,test_crossing_bridge test_cut_price test_deck_refill test_kappa_vector,13/16,208,KEEP-PORT,13/16 関数。合成デッキ再生成（opcg_sim.loop.deck_synth）を呼ぶ
don_active_price,tests/scripts,168,theory,CLOSED,T57/T42,アクティブなドン 1 個の価格 δ_A,2026-09-16,2026-09-16_don_active_price.md,,test_don_active_price,0 (not loaded),0,RETIRE,09-16
don_ledger,tests/scripts,266,theory,DEP-PART,T109 ドンの帳尻,zones_of（既定経路）＋ T109 の測定 CLI,2026-10-05,2026-09-19_don_purse.md,crossing_bridge,test_crossing_bridge test_don_ledger,1/7,19,KEEP-PORT,1/7 関数だけ使用
dump_f16_check,tests/scripts,269,out,学習(ダンプ),,dump_f16_check: dump v3（float16/int16）と memmap 読みの受け入れ照合（2026-09-07・§18.5）。,2026-09-07,2026-09-07_dump_f16.md,,,0 (not loaded),0,OUT-OF-SCOPE,理論の器ではない
effect_diagnostics,tests/scripts,122,out,カード監査/パーサ,,効果パース診断ツール（改善策②の可視化基盤）。,,,,,0 (not loaded),0,OUT-OF-SCOPE,理論の器ではない
effect_oracle,tests/harness,200,out,カード監査,,効果オラクル・コンパレータ（カード効果検証イテレーション1）。,,,,test_effect_oracle_gate,0 (not loaded),0,OUT-OF-SCOPE,理論の器ではない
effect_value,tests/scripts,2743,theory,DEP,P2/F 効果の値付け,効果をコストと実行内容で値付け（パーサの効果木を歩く）,2026-10-05,2026-10-04_n4_search_joint.md,condition_value hand_plan hand_spend nu_measure onplay_parts play_body_check price_realised search_gain search_price theory_bridge theory_order transition_ledger,test_attack_passive_wiring test_condition_value test_effect_value test_nu_calib test_search_gain test_search_price test_theory_bridge test_theory_order,85/105,1773,KEEP-PORT,既定経路で 85/105 関数。パーサのオブジェクトに依存＝移植の最大の難所
entry_gain,tests/scripts,311,theory,CLOSED,T32/T33,登場時の一回性の利得,2026-09-15,2026-09-15_remeasure_pair_round.md,,test_entry_gain,0 (not loaded),0,RETIRE,09-15
exit_ledger,tests/scripts,371,theory,CLOSED,T27,体の退場の仕方,2026-10-05,2026-09-15_remeasure_pair_round.md,,test_exit_ledger,0 (not loaded),0,RETIRE,09-14〜15（A 層）
expected_effects,tests/harness,149,out,カード監査,,期待挙動マニフェスト生成器（カード効果検証イテレーション1）。,,,effect_oracle,,0 (not loaded),0,OUT-OF-SCOPE,理論の器ではない
gate_a_tictactoe,tests/harness,88,out,学習(AZ),,GATE A: 三目並べでAZループ(自己対戦→学習→重み更新＋NN誘導MCTS)が既知最適へ収束するか。,,,,test_gate_a,0 (not loaded),0,OUT-OF-SCOPE,理論の器ではない
guard_afford,tests/scripts,252,theory,DEP-PART,2026-09-13 守りの支払い,knapsack/hand_counters/_vocab（既定経路）＋ 09-13 の測定 CLI,2026-09-16,2026-09-16_crossing_bridge.md,attack_response budget_audit crossing_bridge don_ledger hand_guard hand_plan hand_spend kappa_vector lethal_rule live_theory nu_ledger nu_stock play_body_check price_realised relative_ledger search_gain shadow_forbid t18_arena theory_bridge theory_trace theta_at_settle transition_ledger two_curves two_curves_settle two_curves_state,test_cut_price test_guard_afford test_guard_hand_cost test_search_value_joint test_speed_memo,3/9,47,KEEP-PORT,3 関数だけ使用。collect/main は閉じた測定。top-level で plan_value_map/race_state を import（実行はしない）
h4_tables,tests/scripts,147,theory,CLOSED,H-4g,H-4g の json を 1 表に,2026-10-05,2026-10-04_h4_rule_don.md,,,0 (not loaded),0,RETIRE,H-4 採用（10-04）で役目終了。計算なし
hand_guard,tests/scripts,162,theory,DEP,T67 守る備え G,guard_value/delta_g/take_cost_of,2026-09-26,2026-09-26_g2_guard_rule_and_hand_cost.md,crossing_bridge hand_joint hand_plan lethal_rule play_body_check theory_bridge,test_cut_price test_guard_hand_cost test_hand_guard test_hand_joint,5/7,42,KEEP-PORT,5/7 関数
hand_joint,tests/scripts,223,theory,DEP,N-1 1 枚 1 役,手札の最適割り当て（JointValuer）,2026-10-05,2026-09-26_n2_joint_hand_guard_cost.md,hand_plan theory_bridge,test_cut_price test_hand_joint test_search_value_joint,3/8,125,KEEP-PORT,cut_price/hand_plan から
hand_plan,tests/scripts,754,theory,DEP,T66 手札の計画 H,手札の計画の価値・ΔH,2026-10-05,2026-10-04_n4_search_joint.md,crossing_bridge don_ledger hand_joint lethal_rule onplay_parts play_body_check price_realised search_price theory_bridge,test_crossing_bridge test_guard_hand_cost test_hand_joint test_hand_plan test_rate_tracking test_search_value_joint,29/40,372,KEEP-PORT,耐久・速さの手札の項（29/40）
hand_spend,tests/scripts,249,theory,DEP-PART,T64 守りで切った札,use_value/free_value（既定経路）＋ T64 の測定 CLI,2026-09-25,2026-09-25_d4_cost_afford_full.md,cut_price effect_value hand_plan search_gain search_price theory_bridge,test_attack_passive_wiring test_hand_spend test_search_price,4/11,44,KEEP-PORT,4 関数だけ使用（use_value/free_value/hand_ids/spent_cards）。残り（collect/summarise/main 等 ~130 行）は T64 の閉じた測定＝移植しない
hand_value_slope,tests/scripts,416,theory,CPU-DIAG,T17,手札 1 枚の価値（ネット）,2026-09-14,2026-09-14_nu_measure.md,don_active_price price_scaling,test_hand_value_slope test_price_scaling,0 (not loaded),0,RETIRE,09-14
hazard_curve,tests/scripts,192,theory,CPU-DIAG,§9,P(T=t|s),,,,test_hazard_curve,0 (not loaded),0,RETIRE,報告なし
kappa_needed,tests/scripts,170,theory,DEP,T80 必要な κ,theory_bridge の要約（summarise/windows/_fit）,2026-10-05,2026-10-05_table_rebuild_rust.md,theory_bridge,test_kappa_needed,7/7,112,KEEP-PORT,theory_bridge の出力の一部。要約層なので Python に残す選択肢あり
kappa_vector,tests/scripts,699,theory,CORE,T121 κ のベクトル化,局面の傾き κ の勾配・state_of_row（帳簿の状態）,2026-10-05,2026-10-05_table_rebuild_rust.md,attack_axis_by_result attack_theta_parts live_theory pre_settle_asymmetry relative_ledger theta_at_settle transition_ledger two_curves_settle two_curves_state,test_attack_axis_by_result test_crossing_bridge test_kappa_vector test_relative_ledger test_theta_return test_transition_ledger,19/25,424,KEEP-PORT,ユーザ指定。relative/transition/ T18 系の土台
ko_by_power,tests/scripts,263,theory,CLOSED,T22,場から消える率 対 パワー,2026-09-15,2026-09-15_remeasure_pair_round.md,exit_ledger,test_ko_by_power,0 (not loaded),0,RETIRE,09-15（A 層）
label_worker,tests/scripts,142,out,学習,,レフェリー再ラベルの量産ワーカー（v9 フェーズ1・外部セッション外注用）。,,,,test_label_worker,0 (not loaded),0,OUT-OF-SCOPE,理論の器ではない
lethal_rule,tests/scripts,457,theory,DEP,T136 決着の定義,lethal_of_row・settled_map・attach_don,2026-10-05,2026-10-04_n4_search_joint.md,crossing_bridge pre_settle_decomp relative_ledger settlement_split t139_defender_check theta_at_settle two_curves_settle,test_crossing_bridge test_lethal_rule test_relative_ledger test_settle_cond_floor test_settlement_split,8/14,196,KEEP-PORT,8/14 関数（declare_metrics 等の T136 計測部分は使わない）
life_price,tests/scripts,344,theory,CPU-DIAG,2026-09-14,λ(ℓ) と恒等式,2026-09-14,2026-09-14_life_price.md,,test_life_price,0 (not loaded),0,RETIRE,09-14
live_theory,tests/scripts,400,theory,T18,T140 生の局面から理論を読む,Game.encode から理論値を出す橋,2026-09-23,2026-09-23_shadow_forbid.md,shadow_forbid t18_arena theory_trace,test_live_theory test_shadow_forbid test_t18_arena,0 (not loaded),0,ASK,T18 系の土台。two_curves/two_curves_state/kappa_vector を使う
mistarget_diagnostics,tests/harness,222,out,カード監査,,隠れミスターゲット／lift 不具合の検出ツール（OTHER指標に出ない不具合の可視化）。,,,,test_mistarget_guard,0 (not loaded),0,OUT-OF-SCOPE,理論の器ではない
mu_branch,tests/scripts,314,theory,CLOSED,T26,μ の枝,2026-10-05,2026-09-16_play_opportunity_cost.md,,test_mu_branch,0 (not loaded),0,RETIRE,09-16
n_rel_torch2_check,tests/scripts,226,out,学習,,n_rel_torch2_check: WP `train-torch2`（§18.6）の受け入れ a・b を実データで出す CLI。,2026-09-07,2026-09-07_train_torch2.md,,,0 (not loaded),0,OUT-OF-SCOPE,理論の器ではない
n_rel_torch_check,tests/scripts,197,out,学習,,n_rel_torch_check: torch 学習経路の受け入れ照合（2026-09-07・§18.4 の a／b／時間）。,2026-09-07,2026-09-07_train_torch.md,,,0 (not loaded),0,OUT-OF-SCOPE,理論の器ではない
n_rel_torch_cmp,tests/harness,199,out,学習,,n_rel_torch_cmp: NRel の numpy 経路と torch 経路を突き合わせる判定の式（2026-09-07・§18.4）。,2026-09-07,2026-09-07_train_torch.md,n_rel_torch_check,test_n_rel_train_torch,0 (not loaded),0,OUT-OF-SCOPE,理論の器ではない
nu_calib,tests/scripts,267,theory,CLOSED,ν の 3 定数,ν の定数の較正,2026-10-05,2026-09-15_remeasure_pair_round.md,entry_gain nu_measure,test_nu_calib test_nu_measure,0 (not loaded),0,RETIRE,09-15。定数は theory_order に焼き込み済み
nu_ledger,tests/scripts,217,theory,CLOSED,T44,ν の因子 対 実測,2026-09-25,2026-09-25_d5_decision_rows.md,nu_stock,test_nu_ledger,0 (not loaded),0,RETIRE,09-25 の d5 報告が最後
nu_measure,tests/scripts,857,theory,CLOSED,T21/T39 等,ν を種類別に直接測る,2026-10-05,2026-09-17_hand_two_values_spread.md,band_screen entry_gain price_scaling shield_rate target_choice,test_nu_measure test_price_scaling,0 (not loaded),0,RETIRE,09-17
nu_stock,tests/scripts,236,theory,CLOSED,T50,ν の在庫の台帳,2026-09-25,2026-09-25_d5_decision_rows.md,,test_nu_stock,0 (not loaded),0,RETIRE,09-25 の d5 報告が最後
onplay_parts,tests/scripts,157,theory,CLOSED,T59,登場時効果の部品,2026-09-17,2026-09-17_search_price.md,hand_plan search_gain,test_onplay_parts,0/7,0,RETIRE,09-17。hand_plan/search_gain が lazy import するが既定経路で 0 回実行
opp_board_dist,tests/scripts,126,theory,CLOSED,T46,相手の場の分布（fixtures/opp_boards.json を作る）,2026-09-16,2026-09-16_option_value.md,,,0 (not loaded),0,RETIRE,09-16。出力の fixture は既定経路（option_value）が読むので残す。作り直しは凍結ブランチで
order_acc,tests/scripts,210,theory,DEP-PART,T1 前・兄弟手の順序精度,band_of（theory_bridge の帯）＋ 測定 CLI,2026-09-14,2026-09-14_theory_gate.md,price_scaling theory_bridge theory_order theory_vs_search,test_order_acc,1/7,3,KEEP-PORT,band_of（3 行）だけ使用。他は 09-14 の閉じた測定
order_option,tests/scripts,398,theory,CPU-DIAG,§5.4,攻撃順序の option value（反事実）,2026-09-13,2026-09-13_theory_vs_search.md,,test_order_option,0 (not loaded),0,RETIRE,09-13
pd_batch_common,tests/scripts,167,out,学習,,バッチ式アクター/ラーナー分離の共通部品（postdistill 追い学習の並列化・司令塔 2026-07-10）。,,,,test_pd_batch_common test_pd_mixed_label,0 (not loaded),0,OUT-OF-SCOPE,理論の器ではない
peak_alert,tests/scripts,71,out,学習,,ピーク自動アラート（v5 §4-4a・忘却の早期検知）: 本走中の checkpoint 評価系列を読み、,,,,test_peak_alert,0 (not loaded),0,OUT-OF-SCOPE,理論の器ではない
phase1_sweep,tests/harness,139,out,学習/アリーナ,,Phase 1（切り分け実験・docs/reports/cpu_strength_roadmap_20260622.md §4）。,,,,test_phase1_sweep,0 (not loaded),0,OUT-OF-SCOPE,理論の器ではない
pimc_diag,tests/scripts,238,theory,CPU-DIAG,§2,PIMC の strategy fusion,,,,test_game_theory_probes,0 (not loaded),0,RETIRE,同上
plan_drift,tests/scripts,365,theory,CPU-DIAG,2026-09-12,方針ラベルの持続,2026-09-12,2026-09-12_race_atk.md,race_state,,0/7,0,RETIRE,guard_afford→race_state 経由で import のみ（実行 0 回）
plan_store,tests/scripts,162,theory,INFRA,RD-speed 計画のディスク保存,rule_don_solve の結果を Python ソースのハッシュで鍵付け保存,2026-10-05,,crossing_bridge,test_rd_kernel test_rd_kernel_plans test_rd_speed,2/9,55,ASK,Python 削除後は鍵（Python 原文のハッシュ）が意味を失う。Rust 側の鍵に作り直すか、廃止か
plan_value_map,tests/scripts,501,theory,CPU-DIAG,2026-09-12/13,方針ヘッドの地図（ネット）,2026-09-13,2026-09-13_time_head.md,budget_audit guard_afford hand_value_slope theory_residual time_plan_map,test_plan_heads,1/16,18,RETIRE,guard_afford/budget_audit/hand_value_slope/theory_residual/time_plan_map が _pad を import（既定経路で 0 回実行）
play_body_check,tests/scripts,348,theory,CLOSED,T157,出す手の値段の両端,2026-10-04,2026-10-04_n4_search_joint.md,,test_play_body_check,0 (not loaded),0,RETIRE,09-24〜25（N-4 報告で再掲）
play_coverage,tests/scripts,215,out,エンジン能力,,**エンジンはその手を打てるのか**（能力の検査・棋譜の頻度ではない・読み取り専用）。,,,,test_play_coverage,0 (not loaded),0,OUT-OF-SCOPE,理論の器ではない
policy_entropy,tests/scripts,293,theory,CPU-DIAG,§4,H(行動|公開状態),,,,test_game_theory_probes,0 (not loaded),0,RETIRE,同上
pre_settle_asymmetry,tests/scripts,485,theory,CORE,T146b/c 決着前の較正の非対称,優勢側/劣勢側の較正差,2026-10-05,2026-10-05_table_rebuild_rust.md,seat_pair_symmetry,test_pre_settle_asymmetry,22/22,319,KEEP-PORT,ユーザ指定（表の作り直しでも使用）
pre_settle_decomp,tests/scripts,165,theory,CLOSED,T145,決着前の較正の悪化の分解,2026-09-23,2026-09-23_pre_settle_decomp.md,,test_pre_settle_decomp,0 (not loaded),0,RETIRE,09-23
price_realised,tests/scripts,530,theory,CORE,T41 価格と実現,手の型ごとの価格 対 実現・nu_meas_of,2026-10-05,2026-10-04_n4_search_joint.md,attack_response crossing_bridge deck_refill don_active_price hand_plan nu_ledger nu_stock onplay_parts play_body_check search_gain theory_bridge,test_attack_response test_crossing_bridge test_guard_hand_cost test_price_realised,13/15,380,KEEP-PORT,ユーザ指定。nu_meas_of は crossing_bridge が使う
price_scaling,tests/scripts,379,theory,CLOSED,T24,4 価格の w 共有,2026-10-05,2026-09-15_t26_pair_remeasure.md,,test_price_scaling,0 (not loaded),0,RETIRE,09-15
q_pi_sweep,tests/scripts,134,out,学習,,改良方策 π' の c_scale 掃引（教師が退化していないことの確認・計画 §20.6.1・WP `rs-q-pi`）。,,,,,0 (not loaded),0,OUT-OF-SCOPE,理論の器ではない
race_state,tests/scripts,414,theory,CPU-DIAG,2026-09-13/14,ライフレース状態と打ち方,2026-09-14,2026-09-14_theta_price.md,attack_budget budget_audit guard_afford plan_value_map policy_entropy time_plan_map,test_attack_budget test_budget_audit,0/15,0,RETIRE,guard_afford が _extra/_incoming を import（既定経路で 0 回実行）
rate_tracking,tests/scripts,256,theory,CLOSED,T128,A はこのターンの損害を追えるか,2026-10-05,2026-10-05_table_rebuild_rust.md,two_curves_metrics two_curves_state,test_rate_tracking,0 (not loaded),0,RETIRE,09-23。表 harm_profile を読む器の 1 つだが表の作り直しの出所ではない
rd_kernel,tests/scripts,349,theory,INFRA,Rust 化 段1〜3 の継ぎ目,rd_solve の引数づくり・版の握手・ref/both の切替,2026-10-05,,crossing_bridge rd_kernel_golden,test_crossing_bridge test_rd_kernel test_rd_kernel_plans test_rd_speed,9/22,85,KEEP-PORT,移植の最後に PyO3 入口へ吸収して消える（継ぎ目）
rd_kernel_golden,tests/scripts,317,theory,INFRA,Rust 化 段1 golden,rd_dp/rd_solve golden の作り直し（原文で解く）,2026-10-05,2026-10-05_speed_candidates_adoption.md,,test_rd_kernel_plans,0 (not loaded),0,ASK,原文が消えると『原文で作り直す』が不能。Rust 自身の出力を凍結する道具に変えるか、廃止か
relative_ledger,tests/scripts,591,theory,CORE,T122 相対の帳簿,rel_K（紐付けの法則）の AUC・偏り,2026-10-05,2026-10-05_table_rebuild_rust.md,transition_ledger,test_crossing_bridge test_relative_ledger test_theta_return test_transition_ledger,10/11,436,KEEP-PORT,ユーザ指定
removal_demand,tests/scripts,272,theory,CLOSED,T27-b,除去要求,,,,test_removal_demand,0 (not loaded),0,RETIRE,09-14
rs_enc_v14_probe,tests/scripts,159,out,エンジン/探索の計測（rs_*）,,rs_enc_v14_probe: 符号化 v14 の受け入れ計測（WP `rs-enc-v14`・計画 §20.9）。,,,,,0 (not loaded),0,OUT-OF-SCOPE,理論の器ではない
rs_golden,tests/harness,206,out,golden,,golden 照合の共通正規化（`docs/rust_engine_plan.md` §16.1）。,,,,,0 (not loaded),0,OUT-OF-SCOPE,理論の器ではない
rs_golden_make,tests/scripts,197,out,golden,,golden の作り直し（**Rust だけで回る**・2026-09-07 第 2 段 `rs-archive-cutover`）。,,,,,0 (not loaded),0,OUT-OF-SCOPE,理論の器ではない
rs_leaf_rollout_keys,tests/scripts,99,out,エンジン/探索の計測（rs_*）,,WP `rs-leaf-rollout`（§20.7.9）の計測を `RESULT.json` の形へ集計する（判定は書かない）。,,,,,0 (not loaded),0,OUT-OF-SCOPE,理論の器ではない
rs_net_eval_once,tests/scripts,49,out,エンジン/探索の計測（rs_*）,,rs_net_eval_once: npz 1 本を Rust に読ませて `net_eval` を 1 回だけ回す（照合用の下請け）。,,,,test_enc_v14,0 (not loaded),0,OUT-OF-SCOPE,理論の器ではない
rs_net_load_check,tests/scripts,124,out,エンジン/探索の計測（rs_*）,,rs_net_load_check: torch で訓練した npz を **Rust の `load_net` が読めるか**の照合（§18.4 の 2）。,2026-09-07,2026-09-07_train_torch.md,,,0 (not loaded),0,OUT-OF-SCOPE,理論の器ではない
rs_removal_decks_report,tests/scripts,134,out,エンジン/探索の計測（rs_*）,,型 × 色のカバレッジ計測（WP `rs-removal-decks`・§20.8.1-5・単体実行の計測 CLI）。,,,,,0 (not loaded),0,OUT-OF-SCOPE,理論の器ではない
rs_replay,tests/harness,129,out,エンジン/API,,録画記述子（`REPLAY_SCHEMA`）の再生（**Rust エンジン**・2026-09-07 第 2 段 `rs-archive-cutover`）。,,,,test_api,0 (not loaded),0,OUT-OF-SCOPE,理論の器ではない
rs_scenario_play,tests/scripts,680,out,エンジン/探索の計測（rs_*）,,分岐点シナリオ: 人間のプレイログの一部を CPU に打たせて比べる道具（`docs/rust_engine_plan.md` §20.1）。,2026-09-12,2026-09-12_plan_drift.md,rs_search_a_latency,test_scenario_play,0 (not loaded),0,OUT-OF-SCOPE,理論の器ではない
rs_search_a_agg,tests/scripts,282,out,エンジン/探索の計測（rs_*）,,WP `rs-search-a`（計画 §20.5）の掃引出力を機械的に集計する（判定は書かない）。,2026-09-09,2026-09-09_search_a.md,rs_search_a_result,,0 (not loaded),0,OUT-OF-SCOPE,理論の器ではない
rs_search_a_keys,tests/scripts,380,out,エンジン/探索の計測（rs_*）,,WP `rs-search-a`（計画 §20.5）の「3 決定」を条件ごとに機械的に読む（判定は書かない）。,2026-09-09,2026-09-09_search_a.md,rs_leaf_rollout_keys rs_search_a_result,,0 (not loaded),0,OUT-OF-SCOPE,理論の器ではない
rs_search_a_latency,tests/scripts,125,out,エンジン/探索の計測（rs_*）,,WP `rs-search-a`（§20.5）の「1 決定あたりの decide 時間」を**同じ局面**で測る。,2026-09-09,2026-09-09_search_a.md,,,0 (not loaded),0,OUT-OF-SCOPE,理論の器ではない
rs_search_a_result,tests/scripts,100,out,エンジン/探索の計測（rs_*）,,WP `rs-search-a` の `RESULT.json` を集計から組む（§20.5 の成果物の形に合わせるだけ）。,2026-09-09,2026-09-09_search_a.md,,,0 (not loaded),0,OUT-OF-SCOPE,理論の器ではない
rule_don_ref,tests/harness,502,theory,INFRA,RD-speed の答え合わせ（原文）,速くする前の rule_don の原文,2026-10-05,,rd_kernel,test_rd_kernel test_rd_kernel_plans test_rd_speed,0 (not loaded),0,RETIRE,ユーザ決定 2026-10-06 で削除（段 2b の後、Rust の記録ビット golden に置き換えてから）
search_gain,tests/scripts,219,theory,CLOSED,T65,探す効果の選択の利得,2026-09-25,2026-09-25_d5_decision_rows.md,,test_search_gain,0 (not loaded),0,RETIRE,09-25 d5 が最後
search_price,tests/scripts,372,theory,DEP,T68 探す能力の価格,探す効果の価格・デッキのカウンター,2026-10-05,2026-10-04_n4_search_joint.md,condition_value effect_value hand_plan play_body_check price_realised theory_bridge,test_attack_passive_wiring test_condition_value test_cut_price test_hand_joint test_hand_plan test_search_price test_search_value_joint,18/21,242,KEEP-PORT,hand_plan/effect_value から（18/21）
search_vs_prior,tests/scripts,158,theory,CPU-DIAG,§4,探索は事前分布を超えるか,2026-09-13,2026-09-13_pi_steps.md,,,0 (not loaded),0,RETIRE,09-13
seat_pair_symmetry,tests/scripts,176,theory,CLOSED,T151-1,両席の p の反対称,2026-09-24,2026-09-24_opp_clock_freshness.md,,test_seat_pair_symmetry,0 (not loaded),0,RETIRE,09-24
settlement_split,tests/scripts,147,theory,CLOSED,T139,詰みを逃したか,2026-10-05,2026-09-25_b_avg_counter_fix.md,t139_defender_check,test_settlement_split,0 (not loaded),0,RETIRE,09-23〜25
shadow_forbid,tests/scripts,447,theory,T18,T141 影の介入,打ち回しは変えず『理論なら禁じた手』を数える,2026-10-05,2026-09-25_j1_playstyle_bias_inventory.md,t18_arena theory_trace,test_shadow_forbid test_t18_arena test_theory_trace,0 (not loaded),0,ASK,T18 系。t18_arena/theory_trace が import
shield_rate,tests/scripts,308,theory,CLOSED,T21/T23,身代わりの率,2026-09-18,2026-09-18_rate_rules_and_check.md,exit_ledger target_choice,test_exit_ledger test_shield_rate test_target_choice,0 (not loaded),0,RETIRE,09-18
structural_invariants,tests/harness,135,out,エンジン監査,,構造不変条件スキャン群（カテゴリH ポストモーテムの横展開4スキャンの回帰ツール化）。,,,,test_verified_buckets,0 (not loaded),0,OUT-OF-SCOPE,理論の器ではない
t139_defender_check,tests/scripts,154,theory,CLOSED,P8-7(b),全力で殴って負けた行を aux_def で,2026-09-25,2026-09-25_p8_7c_attack_resid_split.md,attack_resid_defender_split,test_t139_defender_check,0 (not loaded),0,RETIRE,09-25
t18_arena,tests/scripts,550,theory,T18,T142/T156 出口の介入実験,理論が禁じた手を止めて勝率が動くか（対局を回す）,2026-10-05,2026-09-24_t18_why.md,theory_trace,test_t18_arena,0 (not loaded),0,ASK,T18 は据え置き（2026-09-24）。再開条件は理論の整備＝同じ器で測り直す予定と台帳にある
target_choice,tests/scripts,243,theory,CLOSED,T21 系,攻撃の対象選び,,,,test_target_choice,0 (not loaded),0,RETIRE,報告なし
theory_bridge,tests/scripts,1589,theory,CORE,T28 線形の橋,価値の累積 ΔG/ΔS が勝敗を順序づけるか・帯別,2026-10-05,2026-10-05_table_rebuild_rust.md,attack_response clock_calib crossing_bridge cut_price don_active_price don_ledger hand_plan hand_spend kappa_vector lethal_rule live_theory nu_ledger nu_stock opp_board_dist play_body_check price_realised relative_ledger search_gain settlement_split shadow_forbid t139_defender_check theory_order theta_at_settle transition_ledger two_curves two_curves_settle two_curves_state,test_crossing_bridge test_cut_price test_decision_rows test_guard_hand_cost test_hand_joint test_kappa_vector test_relative_ledger test_search_value_joint test_speed_memo test_theory_bridge test_two_curves,36/45,1098,KEEP-PORT,ユーザ指定の現行計測セット。w_bar の出所
theory_gate,tests/scripts,323,theory,CLOSED,中間ゲート（§0.1 の 4 条件）,状態の点数 → 勝敗（ホールドアウト）,2026-09-17,2026-09-17_hand_two_values_spread.md,,test_theory_gate,0 (not loaded),0,ASK,09-17 以降使われていないが §0.1 の『完成の 4 条件』の器として名前が残る
theory_order,tests/scripts,2403,theory,DEP,T1〜 理論の値付けの正本,nu_of/attack_value/attack_stream/option_value/theta_of 等,2026-10-05,2026-10-05_table_rebuild_rust.md,attack_response clock_calib condition_value crossing_bridge cut_price deck_refill don_active_price don_ledger effect_value exit_ledger hand_guard hand_joint hand_plan hand_spend kappa_needed kappa_vector ko_by_power lethal_rule live_theory mu_branch nu_calib nu_ledger nu_measure nu_stock onplay_parts opp_board_dist play_body_check pre_settle_asymmetry pre_settle_decomp price_realised price_scaling rate_tracking relative_ledger search_gain search_price seat_pair_symmetry shadow_forbid shield_rate t18_arena target_choice theory_bridge theory_gate theory_residual theory_trace theory_vs_search theta_at_settle theta_price transition_ledger two_curves two_curves_settle two_curves_state win_calib,test_attack_passive_wiring test_attack_theta_parts test_clock_calib test_condition_value test_crossing_bridge test_cut_price test_deck_refill test_don_ledger test_don_walk test_effect_value test_guard_hand_cost test_hand_guard test_hand_joint test_hand_plan test_hand_spend test_kappa_needed test_kappa_vector test_ko_by_power test_lethal_rule test_mu_branch test_nu_calib test_nu_ledger test_nu_measure test_nu_stock test_onplay_parts test_play_body_check test_price_realised test_price_scaling test_rd_kernel test_rd_speed test_relative_ledger test_search_gain test_search_price test_search_value_joint test_settle_cond_floor test_shield_rate test_speed_memo test_target_choice test_theory_bridge test_theory_gate test_theory_order test_theory_vs_search test_theta_price test_theta_return test_two_curves test_two_curves_state,68/104,1012,KEEP-PORT,全器の値付けの正本（既定経路で 68/104 関数が実行）
theory_residual,tests/scripts,591,theory,CLOSED,Phase 1c,ネットの残差を説明する量（ネットを使う）,2026-09-15,2026-09-15_t26_pair_remeasure.md,,test_theory_residual,0 (not loaded),0,RETIRE,09-15
theory_trace,tests/scripts,372,theory,T18,T141 注釈つき棋譜,決定点ごとの理論値・探索 n/q,2026-10-05,,,test_theory_trace,0 (not loaded),0,ASK,台帳『目で確かめる道具は残す』（2026-09-24）
theory_trace_build,tests/scripts,120,theory,T18,注釈つき棋譜の HTML 化,JSON → 単体 HTML（理論の計算なし）,,,,test_theory_trace_build,0 (not loaded),0,ASK,理論を import しない＝移植不要。T18 系の扱いに従う
theory_vs_search,tests/scripts,491,theory,CLOSED,T1,理論と探索の食い違いの解剖,2026-09-16,2026-09-16_play_opportunity_cost.md,,test_theory_vs_search,0 (not loaded),0,RETIRE,09-16
theta_at_settle,tests/scripts,267,theory,CLOSED,T143,決着の瞬間の Θ_opp,2026-09-23,2026-09-23_theta_at_settle.md,,test_theta_at_settle,0 (not loaded),0,RETIRE,09-23
theta_price,tests/scripts,270,theory,CLOSED,2026-09-14,Θ を盤面から直接（シャドー価格）,2026-09-15,2026-09-15_remeasure_pair_round.md,,test_theta_price,0 (not loaded),0,RETIRE,09-15
tictactoe,tests/harness,109,out,学習(AZ),,三目並べ（GATE A 用の自明に既知最適なゲーム）。,,,gate_a_tictactoe,test_az_components,0 (not loaded),0,OUT-OF-SCOPE,理論の器ではない
time_plan_map,tests/scripts,396,theory,CPU-DIAG,2026-09-13,時間×方針の地図,2026-09-13,2026-09-13_time_plan_map.md,,test_time_plan_map,0 (not loaded),0,RETIRE,09-13
train_profile,tests/scripts,480,out,学習,,train_profile: NRel 学習（`n_rel_train.py`）の時間・メモリの内訳を最小計測で出す（2026-09-07）。,2026-09-07,2026-09-07_train_profile.md,train_profile_torch,,0 (not loaded),0,OUT-OF-SCOPE,理論の器ではない
train_profile_torch,tests/scripts,225,out,学習,,train_profile_torch: NRel（Stage A）の forward/backward を PyTorch（CPU）で書いた**プロトタイプ*,2026-09-07,2026-09-07_train_profile.md,,,0 (not loaded),0,OUT-OF-SCOPE,理論の器ではない
transition_ledger,tests/scripts,468,theory,CORE,T123 遷移の帳簿,値段の付いていない遷移の残差,2026-10-05,2026-10-05_table_rebuild_rust.md,attack_axis_by_result attack_resid_defender_split attack_theta_parts,test_attack_theta_parts test_theta_return test_transition_ledger,7/9,323,KEEP-PORT,ユーザ指定。079e73b8 同一性試験の対象
two_curves,tests/scripts,270,theory,T18-DEP,T137a G(t)/R(t),局×席の理論累積と棋譜累積,2026-10-05,2026-09-25_d6_adoption.md,live_theory,test_two_curves,0 (not loaded),0,ASK,live_theory が _price_row を使う。単独の器としては D-6（09-25）以降の報告なし
two_curves_metrics,tests/scripts,147,theory,CLOSED,T137b,G(t)/R(t) の指標,2026-09-23,2026-09-23_two_curves_metrics.md,,test_two_curves_metrics,0 (not loaded),0,RETIRE,09-23
two_curves_settle,tests/scripts,178,theory,CLOSED,T137d,曲線上の決着時刻,2026-09-23,2026-09-23_two_curves_settle.md,theta_at_settle,test_two_curves_settle,0 (not loaded),0,RETIRE,09-23
two_curves_state,tests/scripts,176,theory,T18-DEP,T137c 状態別,state_by_turn,2026-10-05,2026-09-23_two_curves_state.md,live_theory theta_at_settle two_curves_settle,test_two_curves_state,0 (not loaded),0,ASK,live_theory/theta_at_settle/two_curves_settle が使う
win_calib,tests/scripts,246,theory,CORE,T118 勝率の較正,決着前の勝率の読みの較正（対数損失・ECE）,2026-10-05,2026-10-05_table_rebuild_rust.md,pre_settle_asymmetry pre_settle_decomp,test_settle_cond_floor test_win_calib,8/9,138,KEEP-PORT,ユーザ指定（--pre-settle on で回す）
zero_sum_check,tests/scripts,322,theory,CPU-DIAG,§3.1,V_me+V_opp≈0（ネット）,2026-09-13,2026-09-13_zero_sum_calib.md,,test_game_theory_probes,0 (not loaded),0,RETIRE,09-13。理論の式を持たない＝移植対象ではない（残すなら現状のまま）
